id;prenom;nom;login
1;Kansas;Global;impactful national e-markets
2;Analyst repurpose;users Rubber next generation;Baby
3;best-of-breed;Data;Outdoors
4;Naira Savings Account Colorado;application withdrawal Handmade;Brazilian Real
5;connecting Auto Loan Account e-services;Tools;navigating Markets
6;Gloves Dominican Republic;Towels;Avon
7;JBOD interactive Officer;Assurance maximize deposit;Designer Outdoors
8;optical B2C;Executive models teal;Pennsylvania GB Niue
9;Pants calculate;Wyoming Ports Tunisian Dinar;withdrawal New Caledonia
10;bandwidth-monitored;Mongolia functionalities Fresh;strategize
